{"schemaVersion":"1.0","appDefinitionTemplate":{"id":"/providers/Microsoft.PowerApps/apps/","type":"Microsoft.PowerApps/apps","tags":{"primaryDeviceWidth":"640","primaryDeviceHeight":"1136","sienaVersion":"20210120T164529Z-3.20122.13.0","deviceCapabilities":"","supportsPortrait":"true","supportsLandscape":"false","primaryFormFactor":"Phone","publisherVersion":"3.20122.13","minimumRequiredApiVersion":"2.2.0","hasComponent":"true","hasUnlockedComponent":"false","isUnifiedRootApp":"false"},"properties":{"appVersion":"2021-01-20T16:45:29Z","lifeCycleId":"Published","createdByClientVersion":{"major":3,"minor":20122,"build":13,"revision":0,"majorRevision":0,"minorRevision":0},"minClientVersion":{"major":3,"minor":20122,"build":13,"revision":0,"majorRevision":0,"minorRevision":0},"backgroundColor":"rgba(0, 176, 240, 1)","backgroundImageUri":"/8284475252869661941/N5c8a2a6b-d298-443a-81b4-b06f41501d44-logoSmallFile","displayName":"Customer Solution PowerApp Template","description":"","commitMessage":"","appUris":{"documentUri":{"value":"/8284475252869661941/N486431c5-5626-4d5c-9fd9-9a402e35fcdc-document.msapp"},"imageUris":[]},"createdTime":"0001-01-01T00:00:00Z","lastModifiedTime":"0001-01-01T00:00:00Z","sharedGroupsCount":0,"sharedUsersCount":0,"icons":{"smallIconUri":"/8284475252869661941/N424b168a-37be-4539-ab2f-8527de299b6f-small.png","mediumIconUri":"/8284475252869661941/N70d386bc-d24e-4224-b77e-669c727f1693-medium.png","largeIconUri":"/8284475252869661941/N0f4bd45d-31fd-4830-a068-a83f139a1586-large.png","wideIconUri":"/8284475252869661941/N21896652-330a-4cb1-bf38-f48ffd5c51a0-wide.png"},"connectionReferences":{"2c425300-27a0-42e9-b9ad-d66b7911ed69":{"id":"2e9fbc39-2818-49e9-90df-61042ca5f2d0","displayName":"SharePoint","iconUri":"https://connectoricons-prod.azureedge.net/releases/v1.0.1429/1.0.1429.2295/sharepointonline/icon.png","dataSources":["CS Change Initiatives"],"dependencies":[],"dependents":[],"parameterHints":{},"isOnPremiseConnection":false,"bypassConsent":false,"dataSets":{"https://asurion.sharepoint.com/teams/CSChangeSupport":{"dataSources":{"CS Change Initiatives":{"tableName":"08b01c38-4267-4d68-973e-7dd18275cb65"}}}},"apiTier":"Standard","isCustomApiConnection":false}},"databaseReferences":{},"almMode":"Environment","performanceOptimizationEnabled":true,"canConsumeAppPass":true,"executionRestrictions":{"isTeamsOnly":false,"dataLossPreventionEvaluationResult":{"status":"Compliant","lastEvaluationDate":"2021-01-15T23:03:25.6967487Z","violationDetails":[]}}},"isAppComponentLibrary":false,"appType":"ClassicCanvasApp","appComponents":[]}}